{"touchpad": "/dev/input/event9", "x_scale": 2.1003401360544216, "y_scale": 2.0491803278688523, "canvas_width": 2048, "canvas_height": 1024, "window_width": 1235, "window_height": 750, "save_directory": "saves/"}